84574 0x10001001010, /data/raw/2023-01-04/sps/PFSA08457432.fits
84574 0x10001001010, /data/raw/2023-01-04/sps/PFSA08457431.fits
84574 0xdeadbeef, /data/raw/2023-01-04/sps/PFSA08457412.fits
84574 0xdeadbeef, /data/raw/2023-01-04/sps/PFSA08457411.fits
84575 0x10001001010, /data/raw/2023-01-04/sps/PFSA08457532.fits
84575 0x10001001010, /data/raw/2023-01-04/sps/PFSA08457531.fits
84575 0xdeadbeef, /data/raw/2023-01-04/sps/PFSA08457512.fits
84575 0xdeadbeef, /data/raw/2023-01-04/sps/PFSA08457511.fits
84576 0x10001001010, /data/raw/2023-01-04/sps/PFSA08457632.fits
84576 0x10001001010, /data/raw/2023-01-04/sps/PFSA08457631.fits
84576 0xdeadbeef, /data/raw/2023-01-04/sps/PFSA08457612.fits
84576 0xdeadbeef, /data/raw/2023-01-04/sps/PFSA08457611.fits
84577 0x10001001010, /data/raw/2023-01-04/sps/PFSA08457732.fits
84577 0x10001001010, /data/raw/2023-01-04/sps/PFSA08457731.fits
84577 0xdeadbeef, /data/raw/2023-01-04/sps/PFSA08457712.fits
84577 0xdeadbeef, /data/raw/2023-01-04/sps/PFSA08457711.fits
84578 0x10001001010, /data/raw/2023-01-04/sps/PFSA08457832.fits
84578 0x10001001010, /data/raw/2023-01-04/sps/PFSA08457831.fits
84578 0xdeadbeef, /data/raw/2023-01-04/sps/PFSA08457812.fits
84578 0xdeadbeef, /data/raw/2023-01-04/sps/PFSA08457811.fits
84580 0x10001001010, /data/raw/2023-01-04/sps/PFSA08458032.fits
84580 0x10001001010, /data/raw/2023-01-04/sps/PFSA08458031.fits
84580 0xdeadbeef, /data/raw/2023-01-04/sps/PFSA08458012.fits
84580 0xdeadbeef, /data/raw/2023-01-04/sps/PFSA08458011.fits
84581 0x10001001010, /data/raw/2023-01-04/sps/PFSA08458132.fits
84581 0x10001001010, /data/raw/2023-01-04/sps/PFSA08458131.fits
84581 0xdeadbeef, /data/raw/2023-01-04/sps/PFSA08458112.fits
84581 0xdeadbeef, /data/raw/2023-01-04/sps/PFSA08458111.fits
84582 0x10001001010, /data/raw/2023-01-04/sps/PFSA08458232.fits
84582 0x10001001010, /data/raw/2023-01-04/sps/PFSA08458231.fits
84582 0xdeadbeef, /data/raw/2023-01-04/sps/PFSA08458212.fits
84582 0xdeadbeef, /data/raw/2023-01-04/sps/PFSA08458211.fits
84583 0x10001001010, /data/raw/2023-01-04/sps/PFSA08458332.fits
84583 0x10001001010, /data/raw/2023-01-04/sps/PFSA08458331.fits
84583 0xdeadbeef, /data/raw/2023-01-04/sps/PFSA08458312.fits
84583 0xdeadbeef, /data/raw/2023-01-04/sps/PFSA08458311.fits
84584 0x10001001010, /data/raw/2023-01-04/sps/PFSA08458432.fits
84584 0x10001001010, /data/raw/2023-01-04/sps/PFSA08458431.fits
84584 0xdeadbeef, /data/raw/2023-01-04/sps/PFSA08458412.fits
84584 0xdeadbeef, /data/raw/2023-01-04/sps/PFSA08458411.fits
84585 0x10001001010, /data/raw/2023-01-04/sps/PFSA08458532.fits
84585 0x10001001010, /data/raw/2023-01-04/sps/PFSA08458531.fits
84585 0xdeadbeef, /data/raw/2023-01-04/sps/PFSA08458512.fits
84585 0xdeadbeef, /data/raw/2023-01-04/sps/PFSA08458511.fits
84586 0x10001001010, /data/raw/2023-01-04/sps/PFSA08458632.fits
84586 0x10001001010, /data/raw/2023-01-04/sps/PFSA08458631.fits
84586 0xdeadbeef, /data/raw/2023-01-04/sps/PFSA08458612.fits
84586 0xdeadbeef, /data/raw/2023-01-04/sps/PFSA08458611.fits
84587 0x10001001010, /data/raw/2023-01-04/sps/PFSA08458732.fits
84587 0x10001001010, /data/raw/2023-01-04/sps/PFSA08458731.fits
84587 0xdeadbeef, /data/raw/2023-01-04/sps/PFSA08458712.fits
84587 0xdeadbeef, /data/raw/2023-01-04/sps/PFSA08458711.fits
84588 0x10001001010, /data/raw/2023-01-04/sps/PFSA08458832.fits
84588 0x10001001010, /data/raw/2023-01-04/sps/PFSA08458831.fits
84588 0xdeadbeef, /data/raw/2023-01-04/sps/PFSA08458812.fits
84588 0xdeadbeef, /data/raw/2023-01-04/sps/PFSA08458811.fits
84589 0x10001001010, /data/raw/2023-01-04/sps/PFSA08458932.fits
84589 0x10001001010, /data/raw/2023-01-04/sps/PFSA08458931.fits
84589 0xdeadbeef, /data/raw/2023-01-04/sps/PFSA08458912.fits
84589 0xdeadbeef, /data/raw/2023-01-04/sps/PFSA08458911.fits
84590 0x10001001010, /data/raw/2023-01-04/sps/PFSA08459032.fits
84590 0x10001001010, /data/raw/2023-01-04/sps/PFSA08459031.fits
84590 0xdeadbeef, /data/raw/2023-01-04/sps/PFSA08459012.fits
84590 0xdeadbeef, /data/raw/2023-01-04/sps/PFSA08459011.fits
84591 0x10001001010, /data/raw/2023-01-04/sps/PFSA08459132.fits
84591 0x10001001010, /data/raw/2023-01-04/sps/PFSA08459131.fits
84591 0xdeadbeef, /data/raw/2023-01-04/sps/PFSA08459112.fits
84591 0xdeadbeef, /data/raw/2023-01-04/sps/PFSA08459111.fits
84592 0x10001001010, /data/raw/2023-01-04/sps/PFSA08459232.fits
84592 0x10001001010, /data/raw/2023-01-04/sps/PFSA08459231.fits
84592 0xdeadbeef, /data/raw/2023-01-04/sps/PFSA08459212.fits
84592 0xdeadbeef, /data/raw/2023-01-04/sps/PFSA08459211.fits
84593 0x10001001010, /data/raw/2023-01-04/sps/PFSA08459332.fits
84593 0x10001001010, /data/raw/2023-01-04/sps/PFSA08459331.fits
84593 0xdeadbeef, /data/raw/2023-01-04/sps/PFSA08459312.fits
84593 0xdeadbeef, /data/raw/2023-01-04/sps/PFSA08459311.fits
84594 0x10001001010, /data/raw/2023-01-04/sps/PFSA08459432.fits
84594 0x10001001010, /data/raw/2023-01-04/sps/PFSA08459431.fits
84594 0xdeadbeef, /data/raw/2023-01-04/sps/PFSA08459412.fits
84594 0xdeadbeef, /data/raw/2023-01-04/sps/PFSA08459411.fits
84595 0x10001001010, /data/raw/2023-01-04/sps/PFSA08459532.fits
84595 0x10001001010, /data/raw/2023-01-04/sps/PFSA08459531.fits
84595 0xdeadbeef, /data/raw/2023-01-04/sps/PFSA08459512.fits
84595 0xdeadbeef, /data/raw/2023-01-04/sps/PFSA08459511.fits
84596 0x10001001010, /data/raw/2023-01-04/sps/PFSA08459632.fits
84596 0x10001001010, /data/raw/2023-01-04/sps/PFSA08459631.fits
84596 0xdeadbeef, /data/raw/2023-01-04/sps/PFSA08459612.fits
84596 0xdeadbeef, /data/raw/2023-01-04/sps/PFSA08459611.fits
84597 0x10001001010, /data/raw/2023-01-04/sps/PFSA08459732.fits
84597 0x10001001010, /data/raw/2023-01-04/sps/PFSA08459731.fits
84597 0xdeadbeef, /data/raw/2023-01-04/sps/PFSA08459712.fits
84597 0xdeadbeef, /data/raw/2023-01-04/sps/PFSA08459711.fits
84598 0x10001001010, /data/raw/2023-01-04/sps/PFSA08459832.fits
84598 0x10001001010, /data/raw/2023-01-04/sps/PFSA08459831.fits
84598 0xdeadbeef, /data/raw/2023-01-04/sps/PFSA08459812.fits
84598 0xdeadbeef, /data/raw/2023-01-04/sps/PFSA08459811.fits
84599 0x10001001010, /data/raw/2023-01-04/sps/PFSA08459932.fits
84599 0x10001001010, /data/raw/2023-01-04/sps/PFSA08459931.fits
84599 0xdeadbeef, /data/raw/2023-01-04/sps/PFSA08459912.fits
84599 0xdeadbeef, /data/raw/2023-01-04/sps/PFSA08459911.fits
84600 0x10001001010, /data/raw/2023-01-04/sps/PFSA08460032.fits
84600 0x10001001010, /data/raw/2023-01-04/sps/PFSA08460031.fits
84600 0xdeadbeef, /data/raw/2023-01-04/sps/PFSA08460012.fits
84600 0xdeadbeef, /data/raw/2023-01-04/sps/PFSA08460011.fits
84601 0x10001001010, /data/raw/2023-01-04/sps/PFSA08460132.fits
84601 0x10001001010, /data/raw/2023-01-04/sps/PFSA08460131.fits
84601 0xdeadbeef, /data/raw/2023-01-04/sps/PFSA08460112.fits
84601 0xdeadbeef, /data/raw/2023-01-04/sps/PFSA08460111.fits
84602 0x10001001010, /data/raw/2023-01-04/sps/PFSA08460232.fits
84602 0x10001001010, /data/raw/2023-01-04/sps/PFSA08460231.fits
84602 0xdeadbeef, /data/raw/2023-01-04/sps/PFSA08460212.fits
84602 0xdeadbeef, /data/raw/2023-01-04/sps/PFSA08460211.fits
84603 0x10001001010, /data/raw/2023-01-04/sps/PFSA08460332.fits
84603 0x10001001010, /data/raw/2023-01-04/sps/PFSA08460331.fits
84603 0xdeadbeef, /data/raw/2023-01-04/sps/PFSA08460312.fits
84603 0xdeadbeef, /data/raw/2023-01-04/sps/PFSA08460311.fits
84604 0x10001001010, /data/raw/2023-01-04/sps/PFSA08460432.fits
84604 0x10001001010, /data/raw/2023-01-04/sps/PFSA08460431.fits
84604 0xdeadbeef, /data/raw/2023-01-04/sps/PFSA08460412.fits
84604 0xdeadbeef, /data/raw/2023-01-04/sps/PFSA08460411.fits
84605 0x10001001010, /data/raw/2023-01-04/sps/PFSA08460532.fits
84605 0x10001001010, /data/raw/2023-01-04/sps/PFSA08460531.fits
84605 0xdeadbeef, /data/raw/2023-01-04/sps/PFSA08460512.fits
84605 0xdeadbeef, /data/raw/2023-01-04/sps/PFSA08460511.fits
84606 0x10001001010, /data/raw/2023-01-04/sps/PFSA08460632.fits
84606 0x10001001010, /data/raw/2023-01-04/sps/PFSA08460631.fits
84606 0xdeadbeef, /data/raw/2023-01-04/sps/PFSA08460612.fits
84606 0xdeadbeef, /data/raw/2023-01-04/sps/PFSA08460611.fits
84607 0x10001001010, /data/raw/2023-01-04/sps/PFSA08460732.fits
84607 0x10001001010, /data/raw/2023-01-04/sps/PFSA08460731.fits
84607 0xdeadbeef, /data/raw/2023-01-04/sps/PFSA08460712.fits
84607 0xdeadbeef, /data/raw/2023-01-04/sps/PFSA08460711.fits
84608 0x10001001010, /data/raw/2023-01-04/sps/PFSA08460832.fits
84608 0x10001001010, /data/raw/2023-01-04/sps/PFSA08460831.fits
84608 0xdeadbeef, /data/raw/2023-01-04/sps/PFSA08460812.fits
84608 0xdeadbeef, /data/raw/2023-01-04/sps/PFSA08460811.fits
84609 0x10001001010, /data/raw/2023-01-04/sps/PFSA08460932.fits
84609 0x10001001010, /data/raw/2023-01-04/sps/PFSA08460931.fits
84609 0xdeadbeef, /data/raw/2023-01-04/sps/PFSA08460912.fits
84609 0xdeadbeef, /data/raw/2023-01-04/sps/PFSA08460911.fits
84610 0x10001001010, /data/raw/2023-01-04/sps/PFSA08461032.fits
84610 0x10001001010, /data/raw/2023-01-04/sps/PFSA08461031.fits
84610 0xdeadbeef, /data/raw/2023-01-04/sps/PFSA08461012.fits
84610 0xdeadbeef, /data/raw/2023-01-04/sps/PFSA08461011.fits
84611 0x10001001010, /data/raw/2023-01-04/sps/PFSA08461132.fits
84611 0x10001001010, /data/raw/2023-01-04/sps/PFSA08461131.fits
84611 0xdeadbeef, /data/raw/2023-01-04/sps/PFSA08461112.fits
84611 0xdeadbeef, /data/raw/2023-01-04/sps/PFSA08461111.fits
84612 0x10001001010, /data/raw/2023-01-04/sps/PFSA08461232.fits
84612 0x10001001010, /data/raw/2023-01-04/sps/PFSA08461231.fits
84612 0xdeadbeef, /data/raw/2023-01-04/sps/PFSA08461212.fits
84612 0xdeadbeef, /data/raw/2023-01-04/sps/PFSA08461211.fits
84613 0x10001001010, /data/raw/2023-01-04/sps/PFSA08461332.fits
84613 0x10001001010, /data/raw/2023-01-04/sps/PFSA08461331.fits
84613 0xdeadbeef, /data/raw/2023-01-04/sps/PFSA08461312.fits
84613 0xdeadbeef, /data/raw/2023-01-04/sps/PFSA08461311.fits
84614 0x10001001010, /data/raw/2023-01-04/sps/PFSA08461432.fits
84614 0x10001001010, /data/raw/2023-01-04/sps/PFSA08461431.fits
84614 0xdeadbeef, /data/raw/2023-01-04/sps/PFSA08461412.fits
84614 0xdeadbeef, /data/raw/2023-01-04/sps/PFSA08461411.fits
84615 0x10001001010, /data/raw/2023-01-04/sps/PFSA08461532.fits
84615 0x10001001010, /data/raw/2023-01-04/sps/PFSA08461531.fits
84615 0xdeadbeef, /data/raw/2023-01-04/sps/PFSA08461512.fits
84615 0xdeadbeef, /data/raw/2023-01-04/sps/PFSA08461511.fits
84616 0x10001001010, /data/raw/2023-01-04/sps/PFSA08461632.fits
84616 0x10001001010, /data/raw/2023-01-04/sps/PFSA08461631.fits
84616 0xdeadbeef, /data/raw/2023-01-04/sps/PFSA08461612.fits
84616 0xdeadbeef, /data/raw/2023-01-04/sps/PFSA08461611.fits
84617 0x10001001010, /data/raw/2023-01-04/sps/PFSA08461732.fits
84617 0x10001001010, /data/raw/2023-01-04/sps/PFSA08461731.fits
84617 0xdeadbeef, /data/raw/2023-01-04/sps/PFSA08461712.fits
84617 0xdeadbeef, /data/raw/2023-01-04/sps/PFSA08461711.fits
84618 0x10001001010, /data/raw/2023-01-04/sps/PFSA08461832.fits
84618 0x10001001010, /data/raw/2023-01-04/sps/PFSA08461831.fits
84618 0xdeadbeef, /data/raw/2023-01-04/sps/PFSA08461812.fits
84618 0xdeadbeef, /data/raw/2023-01-04/sps/PFSA08461811.fits
84619 0x10001001010, /data/raw/2023-01-04/sps/PFSA08461932.fits
84619 0x10001001010, /data/raw/2023-01-04/sps/PFSA08461931.fits
84619 0xdeadbeef, /data/raw/2023-01-04/sps/PFSA08461912.fits
84619 0xdeadbeef, /data/raw/2023-01-04/sps/PFSA08461911.fits
84620 0x10001001010, /data/raw/2023-01-04/sps/PFSA08462032.fits
84620 0x10001001010, /data/raw/2023-01-04/sps/PFSA08462031.fits
84620 0xdeadbeef, /data/raw/2023-01-04/sps/PFSA08462012.fits
84620 0xdeadbeef, /data/raw/2023-01-04/sps/PFSA08462011.fits
84621 0x10001001010, /data/raw/2023-01-05/sps/PFSA08462132.fits
84621 0x10001001010, /data/raw/2023-01-05/sps/PFSA08462131.fits
84621 0xdeadbeef, /data/raw/2023-01-05/sps/PFSA08462112.fits
84621 0xdeadbeef, /data/raw/2023-01-05/sps/PFSA08462111.fits
84622 0x10001001010, /data/raw/2023-01-05/sps/PFSA08462232.fits
84622 0x10001001010, /data/raw/2023-01-05/sps/PFSA08462231.fits
84622 0xdeadbeef, /data/raw/2023-01-05/sps/PFSA08462212.fits
84622 0xdeadbeef, /data/raw/2023-01-05/sps/PFSA08462211.fits
84623 0x10001001010, /data/raw/2023-01-05/sps/PFSA08462332.fits
84623 0x10001001010, /data/raw/2023-01-05/sps/PFSA08462331.fits
84623 0xdeadbeef, /data/raw/2023-01-05/sps/PFSA08462312.fits
84623 0xdeadbeef, /data/raw/2023-01-05/sps/PFSA08462311.fits
84624 0x10001001010, /data/raw/2023-01-05/sps/PFSA08462432.fits
84624 0x10001001010, /data/raw/2023-01-05/sps/PFSA08462431.fits
84624 0xdeadbeef, /data/raw/2023-01-05/sps/PFSA08462412.fits
84624 0xdeadbeef, /data/raw/2023-01-05/sps/PFSA08462411.fits
84625 0x10001001010, /data/raw/2023-01-05/sps/PFSA08462532.fits
84625 0x10001001010, /data/raw/2023-01-05/sps/PFSA08462531.fits
84625 0xdeadbeef, /data/raw/2023-01-05/sps/PFSA08462512.fits
84625 0xdeadbeef, /data/raw/2023-01-05/sps/PFSA08462511.fits
84626 0x10001001010, /data/raw/2023-01-05/sps/PFSA08462632.fits
84626 0x10001001010, /data/raw/2023-01-05/sps/PFSA08462631.fits
84626 0xdeadbeef, /data/raw/2023-01-05/sps/PFSA08462612.fits
84626 0xdeadbeef, /data/raw/2023-01-05/sps/PFSA08462611.fits
84627 0x10001001010, /data/raw/2023-01-05/sps/PFSA08462732.fits
84627 0x10001001010, /data/raw/2023-01-05/sps/PFSA08462731.fits
84627 0xdeadbeef, /data/raw/2023-01-05/sps/PFSA08462712.fits
84627 0xdeadbeef, /data/raw/2023-01-05/sps/PFSA08462711.fits
84628 0x10001001010, /data/raw/2023-01-05/sps/PFSA08462832.fits
84628 0x10001001010, /data/raw/2023-01-05/sps/PFSA08462831.fits
84628 0xdeadbeef, /data/raw/2023-01-05/sps/PFSA08462812.fits
84628 0xdeadbeef, /data/raw/2023-01-05/sps/PFSA08462811.fits
84629 0x10001001010, /data/raw/2023-01-05/sps/PFSA08462932.fits
84629 0x10001001010, /data/raw/2023-01-05/sps/PFSA08462931.fits
84629 0xdeadbeef, /data/raw/2023-01-05/sps/PFSA08462912.fits
84629 0xdeadbeef, /data/raw/2023-01-05/sps/PFSA08462911.fits
84630 0x10001001010, /data/raw/2023-01-05/sps/PFSA08463032.fits
84630 0x10001001010, /data/raw/2023-01-05/sps/PFSA08463031.fits
84630 0xdeadbeef, /data/raw/2023-01-05/sps/PFSA08463012.fits
84630 0xdeadbeef, /data/raw/2023-01-05/sps/PFSA08463011.fits
84631 0x10001001010, /data/raw/2023-01-05/sps/PFSA08463132.fits
84631 0x10001001010, /data/raw/2023-01-05/sps/PFSA08463131.fits
84631 0xdeadbeef, /data/raw/2023-01-05/sps/PFSA08463112.fits
84631 0xdeadbeef, /data/raw/2023-01-05/sps/PFSA08463111.fits
84632 0x10001001010, /data/raw/2023-01-05/sps/PFSA08463232.fits
84632 0x10001001010, /data/raw/2023-01-05/sps/PFSA08463231.fits
84632 0xdeadbeef, /data/raw/2023-01-05/sps/PFSA08463212.fits
84632 0xdeadbeef, /data/raw/2023-01-05/sps/PFSA08463211.fits
84666 0x10001001010, /data/raw/2023-01-05/sps/PFSA08466632.fits
84666 0x10001001010, /data/raw/2023-01-05/sps/PFSA08466631.fits
84666 0xdeadbeef, /data/raw/2023-01-05/sps/PFSA08466612.fits
84666 0xdeadbeef, /data/raw/2023-01-05/sps/PFSA08466611.fits
84667 0x10001001010, /data/raw/2023-01-05/sps/PFSA08466732.fits
84667 0x10001001010, /data/raw/2023-01-05/sps/PFSA08466731.fits
84667 0xdeadbeef, /data/raw/2023-01-05/sps/PFSA08466712.fits
84667 0xdeadbeef, /data/raw/2023-01-05/sps/PFSA08466711.fits
84668 0x10001001010, /data/raw/2023-01-05/sps/PFSA08466832.fits
84668 0x10001001010, /data/raw/2023-01-05/sps/PFSA08466831.fits
84668 0xdeadbeef, /data/raw/2023-01-05/sps/PFSA08466812.fits
84668 0xdeadbeef, /data/raw/2023-01-05/sps/PFSA08466811.fits
84669 0x10001001010, /data/raw/2023-01-05/sps/PFSA08466932.fits
84669 0x10001001010, /data/raw/2023-01-05/sps/PFSA08466931.fits
84669 0xdeadbeef, /data/raw/2023-01-05/sps/PFSA08466912.fits
84669 0xdeadbeef, /data/raw/2023-01-05/sps/PFSA08466911.fits
84670 0x10001001010, /data/raw/2023-01-05/sps/PFSA08467032.fits
84670 0x10001001010, /data/raw/2023-01-05/sps/PFSA08467031.fits
84670 0xdeadbeef, /data/raw/2023-01-05/sps/PFSA08467012.fits
84670 0xdeadbeef, /data/raw/2023-01-05/sps/PFSA08467011.fits
84671 0x10001001010, /data/raw/2023-01-05/sps/PFSA08467132.fits
84671 0x10001001010, /data/raw/2023-01-05/sps/PFSA08467131.fits
84671 0xdeadbeef, /data/raw/2023-01-05/sps/PFSA08467112.fits
84671 0xdeadbeef, /data/raw/2023-01-05/sps/PFSA08467111.fits
84672 0x10001001010, /data/raw/2023-01-05/sps/PFSA08467232.fits
84672 0x10001001010, /data/raw/2023-01-05/sps/PFSA08467231.fits
84672 0xdeadbeef, /data/raw/2023-01-05/sps/PFSA08467212.fits
84672 0xdeadbeef, /data/raw/2023-01-05/sps/PFSA08467211.fits
84673 0x10001001010, /data/raw/2023-01-05/sps/PFSA08467332.fits
84673 0x10001001010, /data/raw/2023-01-05/sps/PFSA08467331.fits
84673 0xdeadbeef, /data/raw/2023-01-05/sps/PFSA08467312.fits
84673 0xdeadbeef, /data/raw/2023-01-05/sps/PFSA08467311.fits
84674 0x10001001010, /data/raw/2023-01-05/sps/PFSA08467432.fits
84674 0x10001001010, /data/raw/2023-01-05/sps/PFSA08467431.fits
84674 0xdeadbeef, /data/raw/2023-01-05/sps/PFSA08467412.fits
84674 0xdeadbeef, /data/raw/2023-01-05/sps/PFSA08467411.fits
84675 0x10001001010, /data/raw/2023-01-05/sps/PFSA08467532.fits
84675 0x10001001010, /data/raw/2023-01-05/sps/PFSA08467531.fits
84675 0xdeadbeef, /data/raw/2023-01-05/sps/PFSA08467512.fits
84675 0xdeadbeef, /data/raw/2023-01-05/sps/PFSA08467511.fits
84676 0x10001001010, /data/raw/2023-01-05/sps/PFSA08467632.fits
84676 0x10001001010, /data/raw/2023-01-05/sps/PFSA08467631.fits
84676 0xdeadbeef, /data/raw/2023-01-05/sps/PFSA08467612.fits
84676 0xdeadbeef, /data/raw/2023-01-05/sps/PFSA08467611.fits
84677 0x10001001010, /data/raw/2023-01-05/sps/PFSA08467732.fits
84677 0x10001001010, /data/raw/2023-01-05/sps/PFSA08467731.fits
84677 0xdeadbeef, /data/raw/2023-01-05/sps/PFSA08467712.fits
84677 0xdeadbeef, /data/raw/2023-01-05/sps/PFSA08467711.fits
84678 0x10001001010, /data/raw/2023-01-05/sps/PFSA08467832.fits
84678 0x10001001010, /data/raw/2023-01-05/sps/PFSA08467831.fits
84678 0xdeadbeef, /data/raw/2023-01-05/sps/PFSA08467812.fits
84678 0xdeadbeef, /data/raw/2023-01-05/sps/PFSA08467811.fits
84679 0x10001001010, /data/raw/2023-01-05/sps/PFSA08467932.fits
84679 0x10001001010, /data/raw/2023-01-05/sps/PFSA08467931.fits
84679 0xdeadbeef, /data/raw/2023-01-05/sps/PFSA08467912.fits
84679 0xdeadbeef, /data/raw/2023-01-05/sps/PFSA08467911.fits
84680 0x10001001010, /data/raw/2023-01-05/sps/PFSA08468032.fits
84680 0x10001001010, /data/raw/2023-01-05/sps/PFSA08468031.fits
84680 0xdeadbeef, /data/raw/2023-01-05/sps/PFSA08468012.fits
84680 0xdeadbeef, /data/raw/2023-01-05/sps/PFSA08468011.fits
84681 0x10001001010, /data/raw/2023-01-05/sps/PFSA08468132.fits
84681 0x10001001010, /data/raw/2023-01-05/sps/PFSA08468131.fits
84681 0xdeadbeef, /data/raw/2023-01-05/sps/PFSA08468112.fits
84681 0xdeadbeef, /data/raw/2023-01-05/sps/PFSA08468111.fits
84682 0x10001001010, /data/raw/2023-01-05/sps/PFSA08468232.fits
84682 0x10001001010, /data/raw/2023-01-05/sps/PFSA08468231.fits
84682 0xdeadbeef, /data/raw/2023-01-05/sps/PFSA08468212.fits
84682 0xdeadbeef, /data/raw/2023-01-05/sps/PFSA08468211.fits
84683 0x10001001010, /data/raw/2023-01-05/sps/PFSA08468332.fits
84683 0x10001001010, /data/raw/2023-01-05/sps/PFSA08468331.fits
84683 0xdeadbeef, /data/raw/2023-01-05/sps/PFSA08468312.fits
84683 0xdeadbeef, /data/raw/2023-01-05/sps/PFSA08468311.fits
84684 0x10001001010, /data/raw/2023-01-06/sps/PFSA08468432.fits
84684 0x10001001010, /data/raw/2023-01-06/sps/PFSA08468431.fits
84684 0xdeadbeef, /data/raw/2023-01-06/sps/PFSA08468412.fits
84684 0xdeadbeef, /data/raw/2023-01-06/sps/PFSA08468411.fits
84685 0x10001001010, /data/raw/2023-01-06/sps/PFSA08468532.fits
84685 0x10001001010, /data/raw/2023-01-06/sps/PFSA08468531.fits
84685 0xdeadbeef, /data/raw/2023-01-06/sps/PFSA08468512.fits
84685 0xdeadbeef, /data/raw/2023-01-06/sps/PFSA08468511.fits
84686 0x10001001010, /data/raw/2023-01-06/sps/PFSA08468632.fits
84686 0x10001001010, /data/raw/2023-01-06/sps/PFSA08468631.fits
84686 0xdeadbeef, /data/raw/2023-01-06/sps/PFSA08468612.fits
84686 0xdeadbeef, /data/raw/2023-01-06/sps/PFSA08468611.fits
84687 0x10001001010, /data/raw/2023-01-06/sps/PFSA08468732.fits
84687 0x10001001010, /data/raw/2023-01-06/sps/PFSA08468731.fits
84687 0xdeadbeef, /data/raw/2023-01-06/sps/PFSA08468712.fits
84687 0xdeadbeef, /data/raw/2023-01-06/sps/PFSA08468711.fits
84688 0x10001001010, /data/raw/2023-01-06/sps/PFSA08468832.fits
84688 0x10001001010, /data/raw/2023-01-06/sps/PFSA08468831.fits
84688 0xdeadbeef, /data/raw/2023-01-06/sps/PFSA08468812.fits
84688 0xdeadbeef, /data/raw/2023-01-06/sps/PFSA08468811.fits
84689 0x10001001010, /data/raw/2023-01-06/sps/PFSA08468932.fits
84689 0x10001001010, /data/raw/2023-01-06/sps/PFSA08468931.fits
84689 0xdeadbeef, /data/raw/2023-01-06/sps/PFSA08468912.fits
84689 0xdeadbeef, /data/raw/2023-01-06/sps/PFSA08468911.fits
84690 0x10001001010, /data/raw/2023-01-06/sps/PFSA08469032.fits
84690 0x10001001010, /data/raw/2023-01-06/sps/PFSA08469031.fits
84690 0xdeadbeef, /data/raw/2023-01-06/sps/PFSA08469012.fits
84690 0xdeadbeef, /data/raw/2023-01-06/sps/PFSA08469011.fits
84691 0x10001001010, /data/raw/2023-01-06/sps/PFSA08469132.fits
84691 0x10001001010, /data/raw/2023-01-06/sps/PFSA08469131.fits
84691 0xdeadbeef, /data/raw/2023-01-06/sps/PFSA08469112.fits
84691 0xdeadbeef, /data/raw/2023-01-06/sps/PFSA08469111.fits
84692 0x10001001010, /data/raw/2023-01-06/sps/PFSA08469232.fits
84692 0x10001001010, /data/raw/2023-01-06/sps/PFSA08469231.fits
84692 0xdeadbeef, /data/raw/2023-01-06/sps/PFSA08469212.fits
84692 0xdeadbeef, /data/raw/2023-01-06/sps/PFSA08469211.fits
84693 0x10001001010, /data/raw/2023-01-06/sps/PFSA08469332.fits
84693 0x10001001010, /data/raw/2023-01-06/sps/PFSA08469331.fits
84693 0xdeadbeef, /data/raw/2023-01-06/sps/PFSA08469312.fits
84693 0xdeadbeef, /data/raw/2023-01-06/sps/PFSA08469311.fits
84694 0x10001001010, /data/raw/2023-01-06/sps/PFSA08469432.fits
84694 0x10001001010, /data/raw/2023-01-06/sps/PFSA08469431.fits
84694 0xdeadbeef, /data/raw/2023-01-06/sps/PFSA08469412.fits
84694 0xdeadbeef, /data/raw/2023-01-06/sps/PFSA08469411.fits
84695 0x10001001010, /data/raw/2023-01-06/sps/PFSA08469532.fits
84695 0x10001001010, /data/raw/2023-01-06/sps/PFSA08469531.fits
84695 0xdeadbeef, /data/raw/2023-01-06/sps/PFSA08469512.fits
84695 0xdeadbeef, /data/raw/2023-01-06/sps/PFSA08469511.fits
84720 0x10001001010, /data/raw/2023-01-06/sps/PFSA08472032.fits
84720 0x10001001010, /data/raw/2023-01-06/sps/PFSA08472031.fits
84720 0xdeadbeef, /data/raw/2023-01-06/sps/PFSA08472012.fits
84720 0xdeadbeef, /data/raw/2023-01-06/sps/PFSA08472011.fits
84721 0x10001001010, /data/raw/2023-01-06/sps/PFSA08472132.fits
84721 0x10001001010, /data/raw/2023-01-06/sps/PFSA08472131.fits
84721 0xdeadbeef, /data/raw/2023-01-06/sps/PFSA08472112.fits
84721 0xdeadbeef, /data/raw/2023-01-06/sps/PFSA08472111.fits
84722 0x10001001010, /data/raw/2023-01-06/sps/PFSA08472232.fits
84722 0x10001001010, /data/raw/2023-01-06/sps/PFSA08472231.fits
84722 0xdeadbeef, /data/raw/2023-01-06/sps/PFSA08472212.fits
84722 0xdeadbeef, /data/raw/2023-01-06/sps/PFSA08472211.fits
84723 0x10001001010, /data/raw/2023-01-06/sps/PFSA08472332.fits
84723 0x10001001010, /data/raw/2023-01-06/sps/PFSA08472331.fits
84723 0xdeadbeef, /data/raw/2023-01-06/sps/PFSA08472312.fits
84723 0xdeadbeef, /data/raw/2023-01-06/sps/PFSA08472311.fits
84724 0x10001001010, /data/raw/2023-01-06/sps/PFSA08472432.fits
84724 0x10001001010, /data/raw/2023-01-06/sps/PFSA08472431.fits
84724 0xdeadbeef, /data/raw/2023-01-06/sps/PFSA08472412.fits
84724 0xdeadbeef, /data/raw/2023-01-06/sps/PFSA08472411.fits
84725 0x10001001010, /data/raw/2023-01-06/sps/PFSA08472532.fits
84725 0x10001001010, /data/raw/2023-01-06/sps/PFSA08472531.fits
84725 0xdeadbeef, /data/raw/2023-01-06/sps/PFSA08472512.fits
84725 0xdeadbeef, /data/raw/2023-01-06/sps/PFSA08472511.fits
84726 0x10001001010, /data/raw/2023-01-06/sps/PFSA08472632.fits
84726 0x10001001010, /data/raw/2023-01-06/sps/PFSA08472631.fits
84726 0xdeadbeef, /data/raw/2023-01-06/sps/PFSA08472612.fits
84726 0xdeadbeef, /data/raw/2023-01-06/sps/PFSA08472611.fits
84727 0x10001001010, /data/raw/2023-01-06/sps/PFSA08472732.fits
84727 0x10001001010, /data/raw/2023-01-06/sps/PFSA08472731.fits
84727 0xdeadbeef, /data/raw/2023-01-06/sps/PFSA08472712.fits
84727 0xdeadbeef, /data/raw/2023-01-06/sps/PFSA08472711.fits
84728 0x10001001010, /data/raw/2023-01-06/sps/PFSA08472832.fits
84728 0x10001001010, /data/raw/2023-01-06/sps/PFSA08472831.fits
84728 0xdeadbeef, /data/raw/2023-01-06/sps/PFSA08472812.fits
84728 0xdeadbeef, /data/raw/2023-01-06/sps/PFSA08472811.fits
84729 0x10001001010, /data/raw/2023-01-06/sps/PFSA08472932.fits
84729 0x10001001010, /data/raw/2023-01-06/sps/PFSA08472931.fits
84729 0xdeadbeef, /data/raw/2023-01-06/sps/PFSA08472912.fits
84729 0xdeadbeef, /data/raw/2023-01-06/sps/PFSA08472911.fits
84730 0x10001001010, /data/raw/2023-01-06/sps/PFSA08473032.fits
84730 0x10001001010, /data/raw/2023-01-06/sps/PFSA08473031.fits
84730 0xdeadbeef, /data/raw/2023-01-06/sps/PFSA08473012.fits
84730 0xdeadbeef, /data/raw/2023-01-06/sps/PFSA08473011.fits
84731 0x10001001010, /data/raw/2023-01-06/sps/PFSA08473132.fits
84731 0x10001001010, /data/raw/2023-01-06/sps/PFSA08473131.fits
84731 0xdeadbeef, /data/raw/2023-01-06/sps/PFSA08473112.fits
84731 0xdeadbeef, /data/raw/2023-01-06/sps/PFSA08473111.fits
84732 0x10001001010, /data/raw/2023-01-06/sps/PFSA08473232.fits
84732 0x10001001010, /data/raw/2023-01-06/sps/PFSA08473231.fits
84732 0xdeadbeef, /data/raw/2023-01-06/sps/PFSA08473212.fits
84732 0xdeadbeef, /data/raw/2023-01-06/sps/PFSA08473211.fits
84733 0x10001001010, /data/raw/2023-01-06/sps/PFSA08473332.fits
84733 0x10001001010, /data/raw/2023-01-06/sps/PFSA08473331.fits
84733 0xdeadbeef, /data/raw/2023-01-06/sps/PFSA08473312.fits
84733 0xdeadbeef, /data/raw/2023-01-06/sps/PFSA08473311.fits
84734 0x10001001010, /data/raw/2023-01-06/sps/PFSA08473432.fits
84734 0x10001001010, /data/raw/2023-01-06/sps/PFSA08473431.fits
84734 0xdeadbeef, /data/raw/2023-01-06/sps/PFSA08473412.fits
84734 0xdeadbeef, /data/raw/2023-01-06/sps/PFSA08473411.fits
84735 0x10001001010, /data/raw/2023-01-06/sps/PFSA08473532.fits
84735 0x10001001010, /data/raw/2023-01-06/sps/PFSA08473531.fits
84735 0xdeadbeef, /data/raw/2023-01-06/sps/PFSA08473512.fits
84735 0xdeadbeef, /data/raw/2023-01-06/sps/PFSA08473511.fits
84736 0x10001001010, /data/raw/2023-01-06/sps/PFSA08473632.fits
84736 0x10001001010, /data/raw/2023-01-06/sps/PFSA08473631.fits
84736 0xdeadbeef, /data/raw/2023-01-06/sps/PFSA08473612.fits
84736 0xdeadbeef, /data/raw/2023-01-06/sps/PFSA08473611.fits
84737 0x10001001010, /data/raw/2023-01-06/sps/PFSA08473732.fits
84737 0x10001001010, /data/raw/2023-01-06/sps/PFSA08473731.fits
84737 0xdeadbeef, /data/raw/2023-01-06/sps/PFSA08473712.fits
84737 0xdeadbeef, /data/raw/2023-01-06/sps/PFSA08473711.fits
84742 0x10001001010, /data/raw/2023-01-07/sps/PFSA08474232.fits
84742 0x10001001010, /data/raw/2023-01-07/sps/PFSA08474231.fits
84742 0xdeadbeef, /data/raw/2023-01-07/sps/PFSA08474212.fits
84742 0xdeadbeef, /data/raw/2023-01-07/sps/PFSA08474211.fits
84743 0x10001001010, /data/raw/2023-01-07/sps/PFSA08474332.fits
84743 0x10001001010, /data/raw/2023-01-07/sps/PFSA08474331.fits
84743 0xdeadbeef, /data/raw/2023-01-07/sps/PFSA08474312.fits
84743 0xdeadbeef, /data/raw/2023-01-07/sps/PFSA08474311.fits
84744 0x10001001010, /data/raw/2023-01-07/sps/PFSA08474432.fits
84744 0x10001001010, /data/raw/2023-01-07/sps/PFSA08474431.fits
84744 0xdeadbeef, /data/raw/2023-01-07/sps/PFSA08474412.fits
84744 0xdeadbeef, /data/raw/2023-01-07/sps/PFSA08474411.fits
84745 0x10001001010, /data/raw/2023-01-07/sps/PFSA08474532.fits
84745 0x10001001010, /data/raw/2023-01-07/sps/PFSA08474531.fits
84745 0xdeadbeef, /data/raw/2023-01-07/sps/PFSA08474512.fits
84745 0xdeadbeef, /data/raw/2023-01-07/sps/PFSA08474511.fits
84746 0x10001001010, /data/raw/2023-01-07/sps/PFSA08474632.fits
84746 0x10001001010, /data/raw/2023-01-07/sps/PFSA08474631.fits
84746 0xdeadbeef, /data/raw/2023-01-07/sps/PFSA08474612.fits
84746 0xdeadbeef, /data/raw/2023-01-07/sps/PFSA08474611.fits
84747 0x10001001010, /data/raw/2023-01-07/sps/PFSA08474732.fits
84747 0x10001001010, /data/raw/2023-01-07/sps/PFSA08474731.fits
84747 0xdeadbeef, /data/raw/2023-01-07/sps/PFSA08474712.fits
84747 0xdeadbeef, /data/raw/2023-01-07/sps/PFSA08474711.fits
84748 0x10001001010, /data/raw/2023-01-07/sps/PFSA08474832.fits
84748 0x10001001010, /data/raw/2023-01-07/sps/PFSA08474831.fits
84748 0xdeadbeef, /data/raw/2023-01-07/sps/PFSA08474812.fits
84748 0xdeadbeef, /data/raw/2023-01-07/sps/PFSA08474811.fits
84749 0x10001001010, /data/raw/2023-01-07/sps/PFSA08474932.fits
84749 0x10001001010, /data/raw/2023-01-07/sps/PFSA08474931.fits
84749 0xdeadbeef, /data/raw/2023-01-07/sps/PFSA08474912.fits
84749 0xdeadbeef, /data/raw/2023-01-07/sps/PFSA08474911.fits
84750 0x10001001010, /data/raw/2023-01-07/sps/PFSA08475032.fits
84750 0x10001001010, /data/raw/2023-01-07/sps/PFSA08475031.fits
84750 0xdeadbeef, /data/raw/2023-01-07/sps/PFSA08475012.fits
84750 0xdeadbeef, /data/raw/2023-01-07/sps/PFSA08475011.fits
84751 0x10001001010, /data/raw/2023-01-07/sps/PFSA08475132.fits
84751 0x10001001010, /data/raw/2023-01-07/sps/PFSA08475131.fits
84751 0xdeadbeef, /data/raw/2023-01-07/sps/PFSA08475112.fits
84751 0xdeadbeef, /data/raw/2023-01-07/sps/PFSA08475111.fits
84752 0x10001001010, /data/raw/2023-01-07/sps/PFSA08475232.fits
84752 0x10001001010, /data/raw/2023-01-07/sps/PFSA08475231.fits
84752 0xdeadbeef, /data/raw/2023-01-07/sps/PFSA08475212.fits
84752 0xdeadbeef, /data/raw/2023-01-07/sps/PFSA08475211.fits
84753 0x10001001010, /data/raw/2023-01-07/sps/PFSA08475332.fits
84753 0x10001001010, /data/raw/2023-01-07/sps/PFSA08475331.fits
84753 0xdeadbeef, /data/raw/2023-01-07/sps/PFSA08475312.fits
84753 0xdeadbeef, /data/raw/2023-01-07/sps/PFSA08475311.fits
84763 0x10001001010, /data/raw/2023-01-07/sps/PFSA08476332.fits
84763 0x10001001010, /data/raw/2023-01-07/sps/PFSA08476331.fits
84763 0xdeadbeef, /data/raw/2023-01-07/sps/PFSA08476312.fits
84763 0xdeadbeef, /data/raw/2023-01-07/sps/PFSA08476311.fits
84764 0x10001001010, /data/raw/2023-01-07/sps/PFSA08476432.fits
84764 0x10001001010, /data/raw/2023-01-07/sps/PFSA08476431.fits
84764 0xdeadbeef, /data/raw/2023-01-07/sps/PFSA08476412.fits
84764 0xdeadbeef, /data/raw/2023-01-07/sps/PFSA08476411.fits
84765 0x10001001010, /data/raw/2023-01-07/sps/PFSA08476532.fits
84765 0x10001001010, /data/raw/2023-01-07/sps/PFSA08476531.fits
84765 0xdeadbeef, /data/raw/2023-01-07/sps/PFSA08476512.fits
84765 0xdeadbeef, /data/raw/2023-01-07/sps/PFSA08476511.fits
84766 0x10001001010, /data/raw/2023-01-07/sps/PFSA08476632.fits
84766 0x10001001010, /data/raw/2023-01-07/sps/PFSA08476631.fits
84766 0xdeadbeef, /data/raw/2023-01-07/sps/PFSA08476612.fits
84766 0xdeadbeef, /data/raw/2023-01-07/sps/PFSA08476611.fits
84767 0x10001001010, /data/raw/2023-01-07/sps/PFSA08476732.fits
84767 0x10001001010, /data/raw/2023-01-07/sps/PFSA08476731.fits
84767 0xdeadbeef, /data/raw/2023-01-07/sps/PFSA08476712.fits
84767 0xdeadbeef, /data/raw/2023-01-07/sps/PFSA08476711.fits
84768 0x10001001010, /data/raw/2023-01-07/sps/PFSA08476832.fits
84768 0x10001001010, /data/raw/2023-01-07/sps/PFSA08476831.fits
84768 0xdeadbeef, /data/raw/2023-01-07/sps/PFSA08476812.fits
84768 0xdeadbeef, /data/raw/2023-01-07/sps/PFSA08476811.fits
84769 0x10001001010, /data/raw/2023-01-07/sps/PFSA08476932.fits
84769 0x10001001010, /data/raw/2023-01-07/sps/PFSA08476931.fits
84769 0xdeadbeef, /data/raw/2023-01-07/sps/PFSA08476912.fits
84769 0xdeadbeef, /data/raw/2023-01-07/sps/PFSA08476911.fits
84770 0x10001001010, /data/raw/2023-01-07/sps/PFSA08477032.fits
84770 0x10001001010, /data/raw/2023-01-07/sps/PFSA08477031.fits
84770 0xdeadbeef, /data/raw/2023-01-07/sps/PFSA08477012.fits
84770 0xdeadbeef, /data/raw/2023-01-07/sps/PFSA08477011.fits
84771 0x10001001010, /data/raw/2023-01-07/sps/PFSA08477132.fits
84771 0x10001001010, /data/raw/2023-01-07/sps/PFSA08477131.fits
84771 0xdeadbeef, /data/raw/2023-01-07/sps/PFSA08477112.fits
84771 0xdeadbeef, /data/raw/2023-01-07/sps/PFSA08477111.fits
84772 0x10001001010, /data/raw/2023-01-07/sps/PFSA08477232.fits
84772 0x10001001010, /data/raw/2023-01-07/sps/PFSA08477231.fits
84772 0xdeadbeef, /data/raw/2023-01-07/sps/PFSA08477212.fits
84772 0xdeadbeef, /data/raw/2023-01-07/sps/PFSA08477211.fits
84773 0x10001001010, /data/raw/2023-01-07/sps/PFSA08477332.fits
84773 0x10001001010, /data/raw/2023-01-07/sps/PFSA08477331.fits
84773 0xdeadbeef, /data/raw/2023-01-07/sps/PFSA08477312.fits
84773 0xdeadbeef, /data/raw/2023-01-07/sps/PFSA08477311.fits
84774 0x10001001010, /data/raw/2023-01-07/sps/PFSA08477432.fits
84774 0x10001001010, /data/raw/2023-01-07/sps/PFSA08477431.fits
84774 0xdeadbeef, /data/raw/2023-01-07/sps/PFSA08477412.fits
84774 0xdeadbeef, /data/raw/2023-01-07/sps/PFSA08477411.fits
84775 0x10001001010, /data/raw/2023-01-07/sps/PFSA08477532.fits
84775 0x10001001010, /data/raw/2023-01-07/sps/PFSA08477531.fits
84775 0xdeadbeef, /data/raw/2023-01-07/sps/PFSA08477512.fits
84775 0xdeadbeef, /data/raw/2023-01-07/sps/PFSA08477511.fits
84776 0x10001001010, /data/raw/2023-01-07/sps/PFSA08477632.fits
84776 0x10001001010, /data/raw/2023-01-07/sps/PFSA08477631.fits
84776 0xdeadbeef, /data/raw/2023-01-07/sps/PFSA08477612.fits
84776 0xdeadbeef, /data/raw/2023-01-07/sps/PFSA08477611.fits
84777 0x10001001010, /data/raw/2023-01-07/sps/PFSA08477732.fits
84777 0x10001001010, /data/raw/2023-01-07/sps/PFSA08477731.fits
84777 0xdeadbeef, /data/raw/2023-01-07/sps/PFSA08477712.fits
84777 0xdeadbeef, /data/raw/2023-01-07/sps/PFSA08477711.fits
84778 0x10001001010, /data/raw/2023-01-07/sps/PFSA08477832.fits
84778 0x10001001010, /data/raw/2023-01-07/sps/PFSA08477831.fits
84778 0xdeadbeef, /data/raw/2023-01-07/sps/PFSA08477812.fits
84778 0xdeadbeef, /data/raw/2023-01-07/sps/PFSA08477811.fits
84779 0x10001001010, /data/raw/2023-01-07/sps/PFSA08477932.fits
84779 0x10001001010, /data/raw/2023-01-07/sps/PFSA08477931.fits
84779 0xdeadbeef, /data/raw/2023-01-07/sps/PFSA08477912.fits
84779 0xdeadbeef, /data/raw/2023-01-07/sps/PFSA08477911.fits
84780 0x10001001010, /data/raw/2023-01-07/sps/PFSA08478032.fits
84780 0x10001001010, /data/raw/2023-01-07/sps/PFSA08478031.fits
84780 0xdeadbeef, /data/raw/2023-01-07/sps/PFSA08478012.fits
84780 0xdeadbeef, /data/raw/2023-01-07/sps/PFSA08478011.fits
84781 0x10001001010, /data/raw/2023-01-08/sps/PFSA08478132.fits
84781 0x10001001010, /data/raw/2023-01-08/sps/PFSA08478131.fits
84781 0xdeadbeef, /data/raw/2023-01-08/sps/PFSA08478112.fits
84781 0xdeadbeef, /data/raw/2023-01-08/sps/PFSA08478111.fits
84782 0x10001001010, /data/raw/2023-01-08/sps/PFSA08478232.fits
84782 0x10001001010, /data/raw/2023-01-08/sps/PFSA08478231.fits
84782 0xdeadbeef, /data/raw/2023-01-08/sps/PFSA08478212.fits
84782 0xdeadbeef, /data/raw/2023-01-08/sps/PFSA08478211.fits
84783 0x10001001010, /data/raw/2023-01-08/sps/PFSA08478332.fits
84783 0x10001001010, /data/raw/2023-01-08/sps/PFSA08478331.fits
84783 0xdeadbeef, /data/raw/2023-01-08/sps/PFSA08478312.fits
84783 0xdeadbeef, /data/raw/2023-01-08/sps/PFSA08478311.fits
84784 0x10001001010, /data/raw/2023-01-08/sps/PFSA08478432.fits
84784 0x10001001010, /data/raw/2023-01-08/sps/PFSA08478431.fits
84784 0xdeadbeef, /data/raw/2023-01-08/sps/PFSA08478412.fits
84784 0xdeadbeef, /data/raw/2023-01-08/sps/PFSA08478411.fits
84785 0x10001001010, /data/raw/2023-01-08/sps/PFSA08478532.fits
84785 0x10001001010, /data/raw/2023-01-08/sps/PFSA08478531.fits
84785 0xdeadbeef, /data/raw/2023-01-08/sps/PFSA08478512.fits
84785 0xdeadbeef, /data/raw/2023-01-08/sps/PFSA08478511.fits
84786 0x10001001010, /data/raw/2023-01-08/sps/PFSA08478632.fits
84786 0x10001001010, /data/raw/2023-01-08/sps/PFSA08478631.fits
84786 0xdeadbeef, /data/raw/2023-01-08/sps/PFSA08478612.fits
84786 0xdeadbeef, /data/raw/2023-01-08/sps/PFSA08478611.fits
84787 0x10001001010, /data/raw/2023-01-08/sps/PFSA08478732.fits
84787 0x10001001010, /data/raw/2023-01-08/sps/PFSA08478731.fits
84787 0xdeadbeef, /data/raw/2023-01-08/sps/PFSA08478712.fits
84787 0xdeadbeef, /data/raw/2023-01-08/sps/PFSA08478711.fits
84788 0x10001001010, /data/raw/2023-01-08/sps/PFSA08478832.fits
84788 0x10001001010, /data/raw/2023-01-08/sps/PFSA08478831.fits
84788 0xdeadbeef, /data/raw/2023-01-08/sps/PFSA08478812.fits
84788 0xdeadbeef, /data/raw/2023-01-08/sps/PFSA08478811.fits
84789 0x10001001010, /data/raw/2023-01-08/sps/PFSA08478932.fits
84789 0x10001001010, /data/raw/2023-01-08/sps/PFSA08478931.fits
84789 0xdeadbeef, /data/raw/2023-01-08/sps/PFSA08478912.fits
84789 0xdeadbeef, /data/raw/2023-01-08/sps/PFSA08478911.fits
84790 0x10001001010, /data/raw/2023-01-08/sps/PFSA08479032.fits
84790 0x10001001010, /data/raw/2023-01-08/sps/PFSA08479031.fits
84790 0xdeadbeef, /data/raw/2023-01-08/sps/PFSA08479012.fits
84790 0xdeadbeef, /data/raw/2023-01-08/sps/PFSA08479011.fits
84791 0x10001001010, /data/raw/2023-01-08/sps/PFSA08479132.fits
84791 0x10001001010, /data/raw/2023-01-08/sps/PFSA08479131.fits
84791 0xdeadbeef, /data/raw/2023-01-08/sps/PFSA08479112.fits
84791 0xdeadbeef, /data/raw/2023-01-08/sps/PFSA08479111.fits
84792 0x10001001010, /data/raw/2023-01-08/sps/PFSA08479232.fits
84792 0x10001001010, /data/raw/2023-01-08/sps/PFSA08479231.fits
84792 0xdeadbeef, /data/raw/2023-01-08/sps/PFSA08479212.fits
84792 0xdeadbeef, /data/raw/2023-01-08/sps/PFSA08479211.fits
84795 0x10001001010, /data/raw/2023-01-08/sps/PFSA08479532.fits
84795 0x10001001010, /data/raw/2023-01-08/sps/PFSA08479531.fits
84795 0xdeadbeef, /data/raw/2023-01-08/sps/PFSA08479512.fits
84795 0xdeadbeef, /data/raw/2023-01-08/sps/PFSA08479511.fits
84796 0x10001001010, /data/raw/2023-01-08/sps/PFSA08479632.fits
84796 0x10001001010, /data/raw/2023-01-08/sps/PFSA08479631.fits
84796 0xdeadbeef, /data/raw/2023-01-08/sps/PFSA08479612.fits
84796 0xdeadbeef, /data/raw/2023-01-08/sps/PFSA08479611.fits
84797 0x10001001010, /data/raw/2023-01-08/sps/PFSA08479732.fits
84797 0x10001001010, /data/raw/2023-01-08/sps/PFSA08479731.fits
84797 0xdeadbeef, /data/raw/2023-01-08/sps/PFSA08479712.fits
84797 0xdeadbeef, /data/raw/2023-01-08/sps/PFSA08479711.fits
84798 0x10001001010, /data/raw/2023-01-08/sps/PFSA08479832.fits
84798 0x10001001010, /data/raw/2023-01-08/sps/PFSA08479831.fits
84798 0xdeadbeef, /data/raw/2023-01-08/sps/PFSA08479812.fits
84798 0xdeadbeef, /data/raw/2023-01-08/sps/PFSA08479811.fits
84799 0x10001001010, /data/raw/2023-01-08/sps/PFSA08479932.fits
84799 0x10001001010, /data/raw/2023-01-08/sps/PFSA08479931.fits
84799 0xdeadbeef, /data/raw/2023-01-08/sps/PFSA08479912.fits
84799 0xdeadbeef, /data/raw/2023-01-08/sps/PFSA08479911.fits
84800 0x10001001010, /data/raw/2023-01-08/sps/PFSA08480032.fits
84800 0x10001001010, /data/raw/2023-01-08/sps/PFSA08480031.fits
84800 0xdeadbeef, /data/raw/2023-01-08/sps/PFSA08480012.fits
84800 0xdeadbeef, /data/raw/2023-01-08/sps/PFSA08480011.fits
84801 0x10001001010, /data/raw/2023-01-08/sps/PFSA08480132.fits
84801 0x10001001010, /data/raw/2023-01-08/sps/PFSA08480131.fits
84801 0xdeadbeef, /data/raw/2023-01-08/sps/PFSA08480112.fits
84801 0xdeadbeef, /data/raw/2023-01-08/sps/PFSA08480111.fits
84802 0x10001001010, /data/raw/2023-01-08/sps/PFSA08480232.fits
84802 0x10001001010, /data/raw/2023-01-08/sps/PFSA08480231.fits
84802 0xdeadbeef, /data/raw/2023-01-08/sps/PFSA08480212.fits
84802 0xdeadbeef, /data/raw/2023-01-08/sps/PFSA08480211.fits
84803 0x10001001010, /data/raw/2023-01-08/sps/PFSA08480332.fits
84803 0x10001001010, /data/raw/2023-01-08/sps/PFSA08480331.fits
84803 0xdeadbeef, /data/raw/2023-01-08/sps/PFSA08480312.fits
84803 0xdeadbeef, /data/raw/2023-01-08/sps/PFSA08480311.fits
84804 0x10001001010, /data/raw/2023-01-08/sps/PFSA08480432.fits
84804 0x10001001010, /data/raw/2023-01-08/sps/PFSA08480431.fits
84804 0xdeadbeef, /data/raw/2023-01-08/sps/PFSA08480412.fits
84804 0xdeadbeef, /data/raw/2023-01-08/sps/PFSA08480411.fits
84805 0x10001001010, /data/raw/2023-01-08/sps/PFSA08480532.fits
84805 0x10001001010, /data/raw/2023-01-08/sps/PFSA08480531.fits
84805 0xdeadbeef, /data/raw/2023-01-08/sps/PFSA08480512.fits
84805 0xdeadbeef, /data/raw/2023-01-08/sps/PFSA08480511.fits
84806 0x10001001010, /data/raw/2023-01-08/sps/PFSA08480632.fits
84806 0x10001001010, /data/raw/2023-01-08/sps/PFSA08480631.fits
84806 0xdeadbeef, /data/raw/2023-01-08/sps/PFSA08480612.fits
84806 0xdeadbeef, /data/raw/2023-01-08/sps/PFSA08480611.fits
84807 0x10001001010, /data/raw/2023-01-08/sps/PFSA08480732.fits
84807 0x10001001010, /data/raw/2023-01-08/sps/PFSA08480731.fits
84807 0xdeadbeef, /data/raw/2023-01-08/sps/PFSA08480712.fits
84807 0xdeadbeef, /data/raw/2023-01-08/sps/PFSA08480711.fits
84808 0x10001001010, /data/raw/2023-01-08/sps/PFSA08480832.fits
84808 0x10001001010, /data/raw/2023-01-08/sps/PFSA08480831.fits
84808 0xdeadbeef, /data/raw/2023-01-08/sps/PFSA08480812.fits
84808 0xdeadbeef, /data/raw/2023-01-08/sps/PFSA08480811.fits
84809 0x10001001010, /data/raw/2023-01-08/sps/PFSA08480932.fits
84809 0x10001001010, /data/raw/2023-01-08/sps/PFSA08480931.fits
84809 0xdeadbeef, /data/raw/2023-01-08/sps/PFSA08480912.fits
84809 0xdeadbeef, /data/raw/2023-01-08/sps/PFSA08480911.fits
84810 0x10001001010, /data/raw/2023-01-08/sps/PFSA08481032.fits
84810 0x10001001010, /data/raw/2023-01-08/sps/PFSA08481031.fits
84810 0xdeadbeef, /data/raw/2023-01-08/sps/PFSA08481012.fits
84810 0xdeadbeef, /data/raw/2023-01-08/sps/PFSA08481011.fits
84811 0x10001001010, /data/raw/2023-01-08/sps/PFSA08481132.fits
84811 0x10001001010, /data/raw/2023-01-08/sps/PFSA08481131.fits
84811 0xdeadbeef, /data/raw/2023-01-08/sps/PFSA08481112.fits
84811 0xdeadbeef, /data/raw/2023-01-08/sps/PFSA08481111.fits
84812 0x10001001010, /data/raw/2023-01-08/sps/PFSA08481232.fits
84812 0x10001001010, /data/raw/2023-01-08/sps/PFSA08481231.fits
84812 0xdeadbeef, /data/raw/2023-01-08/sps/PFSA08481212.fits
84812 0xdeadbeef, /data/raw/2023-01-08/sps/PFSA08481211.fits
84813 0x10001001010, /data/raw/2023-01-09/sps/PFSA08481332.fits
84813 0x10001001010, /data/raw/2023-01-09/sps/PFSA08481331.fits
84813 0xdeadbeef, /data/raw/2023-01-09/sps/PFSA08481312.fits
84813 0xdeadbeef, /data/raw/2023-01-09/sps/PFSA08481311.fits
84814 0x10001001010, /data/raw/2023-01-09/sps/PFSA08481432.fits
84814 0x10001001010, /data/raw/2023-01-09/sps/PFSA08481431.fits
84814 0xdeadbeef, /data/raw/2023-01-09/sps/PFSA08481412.fits
84814 0xdeadbeef, /data/raw/2023-01-09/sps/PFSA08481411.fits
84815 0x10001001010, /data/raw/2023-01-09/sps/PFSA08481532.fits
84815 0x10001001010, /data/raw/2023-01-09/sps/PFSA08481531.fits
84815 0xdeadbeef, /data/raw/2023-01-09/sps/PFSA08481512.fits
84815 0xdeadbeef, /data/raw/2023-01-09/sps/PFSA08481511.fits
84816 0x10001001010, /data/raw/2023-01-09/sps/PFSA08481632.fits
84816 0x10001001010, /data/raw/2023-01-09/sps/PFSA08481631.fits
84816 0xdeadbeef, /data/raw/2023-01-09/sps/PFSA08481612.fits
84816 0xdeadbeef, /data/raw/2023-01-09/sps/PFSA08481611.fits
84817 0x10001001010, /data/raw/2023-01-09/sps/PFSA08481732.fits
84817 0x10001001010, /data/raw/2023-01-09/sps/PFSA08481731.fits
84817 0xdeadbeef, /data/raw/2023-01-09/sps/PFSA08481712.fits
84817 0xdeadbeef, /data/raw/2023-01-09/sps/PFSA08481711.fits
84818 0x10001001010, /data/raw/2023-01-09/sps/PFSA08481832.fits
84818 0x10001001010, /data/raw/2023-01-09/sps/PFSA08481831.fits
84818 0xdeadbeef, /data/raw/2023-01-09/sps/PFSA08481812.fits
84818 0xdeadbeef, /data/raw/2023-01-09/sps/PFSA08481811.fits
84819 0x10001001010, /data/raw/2023-01-09/sps/PFSA08481932.fits
84819 0x10001001010, /data/raw/2023-01-09/sps/PFSA08481931.fits
84819 0xdeadbeef, /data/raw/2023-01-09/sps/PFSA08481912.fits
84819 0xdeadbeef, /data/raw/2023-01-09/sps/PFSA08481911.fits
84820 0x10001001010, /data/raw/2023-01-09/sps/PFSA08482032.fits
84820 0x10001001010, /data/raw/2023-01-09/sps/PFSA08482031.fits
84820 0xdeadbeef, /data/raw/2023-01-09/sps/PFSA08482012.fits
84820 0xdeadbeef, /data/raw/2023-01-09/sps/PFSA08482011.fits
84821 0x10001001010, /data/raw/2023-01-09/sps/PFSA08482132.fits
84821 0x10001001010, /data/raw/2023-01-09/sps/PFSA08482131.fits
84821 0xdeadbeef, /data/raw/2023-01-09/sps/PFSA08482112.fits
84821 0xdeadbeef, /data/raw/2023-01-09/sps/PFSA08482111.fits
84822 0x10001001010, /data/raw/2023-01-09/sps/PFSA08482232.fits
84822 0x10001001010, /data/raw/2023-01-09/sps/PFSA08482231.fits
84822 0xdeadbeef, /data/raw/2023-01-09/sps/PFSA08482212.fits
84822 0xdeadbeef, /data/raw/2023-01-09/sps/PFSA08482211.fits
84823 0x10001001010, /data/raw/2023-01-09/sps/PFSA08482332.fits
84823 0x10001001010, /data/raw/2023-01-09/sps/PFSA08482331.fits
84823 0xdeadbeef, /data/raw/2023-01-09/sps/PFSA08482312.fits
84823 0xdeadbeef, /data/raw/2023-01-09/sps/PFSA08482311.fits
84824 0x10001001010, /data/raw/2023-01-09/sps/PFSA08482432.fits
84824 0x10001001010, /data/raw/2023-01-09/sps/PFSA08482431.fits
84824 0xdeadbeef, /data/raw/2023-01-09/sps/PFSA08482412.fits
84824 0xdeadbeef, /data/raw/2023-01-09/sps/PFSA08482411.fits
84827 0x10001001010, /data/raw/2023-01-09/sps/PFSA08482732.fits
84827 0x10001001010, /data/raw/2023-01-09/sps/PFSA08482731.fits
84827 0xdeadbeef, /data/raw/2023-01-09/sps/PFSA08482712.fits
84827 0xdeadbeef, /data/raw/2023-01-09/sps/PFSA08482711.fits
84828 0x10001001010, /data/raw/2023-01-09/sps/PFSA08482832.fits
84828 0x10001001010, /data/raw/2023-01-09/sps/PFSA08482831.fits
84828 0xdeadbeef, /data/raw/2023-01-09/sps/PFSA08482812.fits
84828 0xdeadbeef, /data/raw/2023-01-09/sps/PFSA08482811.fits
84829 0x10001001010, /data/raw/2023-01-09/sps/PFSA08482932.fits
84829 0x10001001010, /data/raw/2023-01-09/sps/PFSA08482931.fits
84829 0xdeadbeef, /data/raw/2023-01-09/sps/PFSA08482912.fits
84829 0xdeadbeef, /data/raw/2023-01-09/sps/PFSA08482911.fits
84830 0x10001001010, /data/raw/2023-01-09/sps/PFSA08483032.fits
84830 0x10001001010, /data/raw/2023-01-09/sps/PFSA08483031.fits
84830 0xdeadbeef, /data/raw/2023-01-09/sps/PFSA08483012.fits
84830 0xdeadbeef, /data/raw/2023-01-09/sps/PFSA08483011.fits
84831 0x10001001010, /data/raw/2023-01-09/sps/PFSA08483132.fits
84831 0x10001001010, /data/raw/2023-01-09/sps/PFSA08483131.fits
84831 0xdeadbeef, /data/raw/2023-01-09/sps/PFSA08483112.fits
84831 0xdeadbeef, /data/raw/2023-01-09/sps/PFSA08483111.fits
84832 0x10001001010, /data/raw/2023-01-09/sps/PFSA08483232.fits
84832 0x10001001010, /data/raw/2023-01-09/sps/PFSA08483231.fits
84832 0xdeadbeef, /data/raw/2023-01-09/sps/PFSA08483212.fits
84832 0xdeadbeef, /data/raw/2023-01-09/sps/PFSA08483211.fits
84833 0x10001001010, /data/raw/2023-01-09/sps/PFSA08483332.fits
84833 0x10001001010, /data/raw/2023-01-09/sps/PFSA08483331.fits
84833 0xdeadbeef, /data/raw/2023-01-09/sps/PFSA08483312.fits
84833 0xdeadbeef, /data/raw/2023-01-09/sps/PFSA08483311.fits
84834 0x10001001010, /data/raw/2023-01-09/sps/PFSA08483432.fits
84834 0x10001001010, /data/raw/2023-01-09/sps/PFSA08483431.fits
84834 0xdeadbeef, /data/raw/2023-01-09/sps/PFSA08483412.fits
84834 0xdeadbeef, /data/raw/2023-01-09/sps/PFSA08483411.fits
84835 0x10001001010, /data/raw/2023-01-09/sps/PFSA08483532.fits
84835 0x10001001010, /data/raw/2023-01-09/sps/PFSA08483531.fits
84835 0xdeadbeef, /data/raw/2023-01-09/sps/PFSA08483512.fits
84835 0xdeadbeef, /data/raw/2023-01-09/sps/PFSA08483511.fits
84836 0x10001001010, /data/raw/2023-01-09/sps/PFSA08483632.fits
84836 0x10001001010, /data/raw/2023-01-09/sps/PFSA08483631.fits
84836 0xdeadbeef, /data/raw/2023-01-09/sps/PFSA08483612.fits
84836 0xdeadbeef, /data/raw/2023-01-09/sps/PFSA08483611.fits
84837 0x10001001010, /data/raw/2023-01-09/sps/PFSA08483732.fits
84837 0x10001001010, /data/raw/2023-01-09/sps/PFSA08483731.fits
84837 0xdeadbeef, /data/raw/2023-01-09/sps/PFSA08483712.fits
84837 0xdeadbeef, /data/raw/2023-01-09/sps/PFSA08483711.fits
84838 0x10001001010, /data/raw/2023-01-09/sps/PFSA08483832.fits
84838 0x10001001010, /data/raw/2023-01-09/sps/PFSA08483831.fits
84838 0xdeadbeef, /data/raw/2023-01-09/sps/PFSA08483812.fits
84838 0xdeadbeef, /data/raw/2023-01-09/sps/PFSA08483811.fits
84839 0x10001001010, /data/raw/2023-01-09/sps/PFSA08483932.fits
84839 0x10001001010, /data/raw/2023-01-09/sps/PFSA08483931.fits
84839 0xdeadbeef, /data/raw/2023-01-09/sps/PFSA08483912.fits
84839 0xdeadbeef, /data/raw/2023-01-09/sps/PFSA08483911.fits
84840 0x10001001010, /data/raw/2023-01-09/sps/PFSA08484032.fits
84840 0x10001001010, /data/raw/2023-01-09/sps/PFSA08484031.fits
84840 0xdeadbeef, /data/raw/2023-01-09/sps/PFSA08484012.fits
84840 0xdeadbeef, /data/raw/2023-01-09/sps/PFSA08484011.fits
84841 0x10001001010, /data/raw/2023-01-09/sps/PFSA08484132.fits
84841 0x10001001010, /data/raw/2023-01-09/sps/PFSA08484131.fits
84841 0xdeadbeef, /data/raw/2023-01-09/sps/PFSA08484112.fits
84841 0xdeadbeef, /data/raw/2023-01-09/sps/PFSA08484111.fits
84842 0x10001001010, /data/raw/2023-01-09/sps/PFSA08484232.fits
84842 0x10001001010, /data/raw/2023-01-09/sps/PFSA08484231.fits
84842 0xdeadbeef, /data/raw/2023-01-09/sps/PFSA08484212.fits
84842 0xdeadbeef, /data/raw/2023-01-09/sps/PFSA08484211.fits
84843 0x10001001010, /data/raw/2023-01-09/sps/PFSA08484332.fits
84843 0x10001001010, /data/raw/2023-01-09/sps/PFSA08484331.fits
84843 0xdeadbeef, /data/raw/2023-01-09/sps/PFSA08484312.fits
84843 0xdeadbeef, /data/raw/2023-01-09/sps/PFSA08484311.fits
84844 0x10001001010, /data/raw/2023-01-09/sps/PFSA08484432.fits
84844 0x10001001010, /data/raw/2023-01-09/sps/PFSA08484431.fits
84844 0xdeadbeef, /data/raw/2023-01-09/sps/PFSA08484412.fits
84844 0xdeadbeef, /data/raw/2023-01-09/sps/PFSA08484411.fits
84845 0x10001001010, /data/raw/2023-01-10/sps/PFSA08484532.fits
84845 0x10001001010, /data/raw/2023-01-10/sps/PFSA08484531.fits
84845 0xdeadbeef, /data/raw/2023-01-10/sps/PFSA08484512.fits
84845 0xdeadbeef, /data/raw/2023-01-10/sps/PFSA08484511.fits
84846 0x10001001010, /data/raw/2023-01-10/sps/PFSA08484632.fits
84846 0x10001001010, /data/raw/2023-01-10/sps/PFSA08484631.fits
84846 0xdeadbeef, /data/raw/2023-01-10/sps/PFSA08484612.fits
84846 0xdeadbeef, /data/raw/2023-01-10/sps/PFSA08484611.fits
84847 0x10001001010, /data/raw/2023-01-10/sps/PFSA08484732.fits
84847 0x10001001010, /data/raw/2023-01-10/sps/PFSA08484731.fits
84847 0xdeadbeef, /data/raw/2023-01-10/sps/PFSA08484712.fits
84847 0xdeadbeef, /data/raw/2023-01-10/sps/PFSA08484711.fits
84848 0x10001001010, /data/raw/2023-01-10/sps/PFSA08484832.fits
84848 0x10001001010, /data/raw/2023-01-10/sps/PFSA08484831.fits
84848 0xdeadbeef, /data/raw/2023-01-10/sps/PFSA08484812.fits
84848 0xdeadbeef, /data/raw/2023-01-10/sps/PFSA08484811.fits
84849 0x10001001010, /data/raw/2023-01-10/sps/PFSA08484932.fits
84849 0x10001001010, /data/raw/2023-01-10/sps/PFSA08484931.fits
84849 0xdeadbeef, /data/raw/2023-01-10/sps/PFSA08484912.fits
84849 0xdeadbeef, /data/raw/2023-01-10/sps/PFSA08484911.fits
84850 0x10001001010, /data/raw/2023-01-10/sps/PFSA08485032.fits
84850 0x10001001010, /data/raw/2023-01-10/sps/PFSA08485031.fits
84850 0xdeadbeef, /data/raw/2023-01-10/sps/PFSA08485012.fits
84850 0xdeadbeef, /data/raw/2023-01-10/sps/PFSA08485011.fits
84851 0x10001001010, /data/raw/2023-01-10/sps/PFSA08485132.fits
84851 0x10001001010, /data/raw/2023-01-10/sps/PFSA08485131.fits
84851 0xdeadbeef, /data/raw/2023-01-10/sps/PFSA08485112.fits
84851 0xdeadbeef, /data/raw/2023-01-10/sps/PFSA08485111.fits
84852 0x10001001010, /data/raw/2023-01-10/sps/PFSA08485232.fits
84852 0x10001001010, /data/raw/2023-01-10/sps/PFSA08485231.fits
84852 0xdeadbeef, /data/raw/2023-01-10/sps/PFSA08485212.fits
84852 0xdeadbeef, /data/raw/2023-01-10/sps/PFSA08485211.fits
84853 0x10001001010, /data/raw/2023-01-10/sps/PFSA08485332.fits
84853 0x10001001010, /data/raw/2023-01-10/sps/PFSA08485331.fits
84853 0xdeadbeef, /data/raw/2023-01-10/sps/PFSA08485312.fits
84853 0xdeadbeef, /data/raw/2023-01-10/sps/PFSA08485311.fits
84854 0x10001001010, /data/raw/2023-01-10/sps/PFSA08485432.fits
84854 0x10001001010, /data/raw/2023-01-10/sps/PFSA08485431.fits
84854 0xdeadbeef, /data/raw/2023-01-10/sps/PFSA08485412.fits
84854 0xdeadbeef, /data/raw/2023-01-10/sps/PFSA08485411.fits
84855 0x10001001010, /data/raw/2023-01-10/sps/PFSA08485532.fits
84855 0x10001001010, /data/raw/2023-01-10/sps/PFSA08485531.fits
